<?xml version="1.0" encoding="UTF-8"?>
<allClasses>
   <apiPackage id="com.keymob">
      <apiName>com.keymob</apiName>
      <apiDetail/>
      <apiClassifier id="com.keymob:AdSizes">
         <apiName>AdSizes</apiName>
         <shortdesc/>
         <prolog>
            <asMetadata/>
         </prolog>
            <meta name="keywords"
               content="AdSizes,com.keymob.AdSizes,ABSOLUTE,APPWALL,BANNER,BANNER,BOTTOM_CENTER,BOTTOM_LEFT,BOTTOM_RIGHT,FULL_BANNER,INTERSTITIAL,LARGE_BANNER,LEADERBOARD,MEDIUM_RECTANGLE,MIDDLE_CENTER,MIDDLE_LEFT,MIDDLE_RIGHT,ON_AD_CLICKED,ON_AD_CLOSED,ON_AD_OPENED,ON_LOADED_FAIL,ON_LOADED_SUCCESS,ON_OTHER_EVENT,SMART_BANNER,TOP_CENTER,TOP_LEFT,TOP_RIGHT,VIDEO,WIDE_SKYSCRAPER,adapter,adtype,data,extensionContext,supportDevice"/>
         <apiClassifierDetail>
            <apiClassifierDef>
               <apiAccess value="public"/>
               <apiStatic/>
               <apiBaseClassifier>Object</apiBaseClassifier>
            </apiClassifierDef>
            <Inheritancelist>
               <BaseInterface/>
               <Inheritance>
                  <Inherit id="Object"/>
               </Inheritance>
               <Implements/>
               <Subclasses/>
               <Implementors/>
               <Excludes/>
            </Inheritancelist>
         </apiClassifierDetail>
      </apiClassifier>
      <apiClassifier id="com.keymob:AdTypes">
         <apiName>AdTypes</apiName>
         <shortdesc/>
         <prolog>
            <asMetadata/>
         </prolog>
            <meta name="keywords"
               content="AdTypes,com.keymob.AdTypes,ABSOLUTE,APPWALL,BANNER,BANNER,BOTTOM_CENTER,BOTTOM_LEFT,BOTTOM_RIGHT,FULL_BANNER,INTERSTITIAL,LARGE_BANNER,LEADERBOARD,MEDIUM_RECTANGLE,MIDDLE_CENTER,MIDDLE_LEFT,MIDDLE_RIGHT,ON_AD_CLICKED,ON_AD_CLOSED,ON_AD_OPENED,ON_LOADED_FAIL,ON_LOADED_SUCCESS,ON_OTHER_EVENT,SMART_BANNER,TOP_CENTER,TOP_LEFT,TOP_RIGHT,VIDEO,WIDE_SKYSCRAPER,adapter,adtype,data,extensionContext,supportDevice"/>
         <apiClassifierDetail>
            <apiClassifierDef>
               <apiAccess value="public"/>
               <apiStatic/>
               <apiBaseClassifier>Object</apiBaseClassifier>
            </apiClassifierDef>
            <Inheritancelist>
               <BaseInterface/>
               <Inheritance>
                  <Inherit id="Object"/>
               </Inheritance>
               <Implements/>
               <Subclasses/>
               <Implementors/>
               <Excludes/>
            </Inheritancelist>
         </apiClassifierDetail>
      </apiClassifier>
      <apiClassifier id="com.keymob:KeymobAd">
         <apiName>KeymobAd</apiName>
         <shortdesc/>
         <prolog>
            <asMetadata/>
         </prolog>
            <meta name="keywords"
               content="KeymobAd,com.keymob.KeymobAd,ABSOLUTE,APPWALL,BANNER,BANNER,BOTTOM_CENTER,BOTTOM_LEFT,BOTTOM_RIGHT,FULL_BANNER,INTERSTITIAL,LARGE_BANNER,LEADERBOARD,MEDIUM_RECTANGLE,MIDDLE_CENTER,MIDDLE_LEFT,MIDDLE_RIGHT,ON_AD_CLICKED,ON_AD_CLOSED,ON_AD_OPENED,ON_LOADED_FAIL,ON_LOADED_SUCCESS,ON_OTHER_EVENT,SMART_BANNER,TOP_CENTER,TOP_LEFT,TOP_RIGHT,VIDEO,WIDE_SKYSCRAPER,adapter,adtype,data,extensionContext,supportDevice,getInstance,initFromJSON,initFromKeymobService,isAppWallReady,isInterstitialReady,isVideoReady,loadAppWall,loadInterstitial,loadVideo,onKeymobNativeEvent,removeBanner,showAppWall,showBannerABS,showInterstitial,showRelationBanner,showVideo"/>
         <apiClassifierDetail>
            <apiClassifierDef>
               <apiAccess value="public"/>
               <apiStatic/>
               <apiBaseClassifier>flash.events:EventDispatcher</apiBaseClassifier>
            </apiClassifierDef>
            <Inheritancelist>
               <BaseInterface/>
               <Inheritance>
                  <Inherit id="flash.events:EventDispatcher"/>
               </Inheritance>
               <Implements/>
               <Subclasses/>
               <Implementors/>
               <Excludes/>
            </Inheritancelist>
         </apiClassifierDetail>
      </apiClassifier>
      <apiClassifier id="com.keymob:AdPositions">
         <apiName>AdPositions</apiName>
         <shortdesc/>
         <prolog>
            <asMetadata/>
         </prolog>
            <meta name="keywords"
               content="AdPositions,com.keymob.AdPositions,ABSOLUTE,APPWALL,BANNER,BANNER,BOTTOM_CENTER,BOTTOM_LEFT,BOTTOM_RIGHT,FULL_BANNER,INTERSTITIAL,LARGE_BANNER,LEADERBOARD,MEDIUM_RECTANGLE,MIDDLE_CENTER,MIDDLE_LEFT,MIDDLE_RIGHT,ON_AD_CLICKED,ON_AD_CLOSED,ON_AD_OPENED,ON_LOADED_FAIL,ON_LOADED_SUCCESS,ON_OTHER_EVENT,SMART_BANNER,TOP_CENTER,TOP_LEFT,TOP_RIGHT,VIDEO,WIDE_SKYSCRAPER,adapter,adtype,data,extensionContext,supportDevice"/>
         <apiClassifierDetail>
            <apiClassifierDef>
               <apiAccess value="public"/>
               <apiStatic/>
               <apiBaseClassifier>Object</apiBaseClassifier>
            </apiClassifierDef>
            <Inheritancelist>
               <BaseInterface/>
               <Inheritance>
                  <Inherit id="Object"/>
               </Inheritance>
               <Implements/>
               <Subclasses/>
               <Implementors/>
               <Excludes/>
            </Inheritancelist>
         </apiClassifierDetail>
      </apiClassifier>
      <apiClassifier id="com.keymob:AdEvent">
         <apiName>AdEvent</apiName>
         <shortdesc/>
         <prolog>
            <asMetadata/>
         </prolog>
            <meta name="keywords"
               content="AdEvent,com.keymob.AdEvent,ABSOLUTE,APPWALL,BANNER,BANNER,BOTTOM_CENTER,BOTTOM_LEFT,BOTTOM_RIGHT,FULL_BANNER,INTERSTITIAL,LARGE_BANNER,LEADERBOARD,MEDIUM_RECTANGLE,MIDDLE_CENTER,MIDDLE_LEFT,MIDDLE_RIGHT,ON_AD_CLICKED,ON_AD_CLOSED,ON_AD_OPENED,ON_LOADED_FAIL,ON_LOADED_SUCCESS,ON_OTHER_EVENT,SMART_BANNER,TOP_CENTER,TOP_LEFT,TOP_RIGHT,VIDEO,WIDE_SKYSCRAPER,adapter,adtype,data,extensionContext,supportDevice"/>
         <apiClassifierDetail>
            <apiClassifierDef>
               <apiAccess value="public"/>
               <apiStatic/>
               <apiBaseClassifier>flash.events:Event</apiBaseClassifier>
            </apiClassifierDef>
            <Inheritancelist>
               <BaseInterface/>
               <Inheritance>
                  <Inherit id="flash.events:Event"/>
               </Inheritance>
               <Implements/>
               <Subclasses/>
               <Implementors/>
               <Excludes/>
            </Inheritancelist>
         </apiClassifierDetail>
      </apiClassifier>
   </apiPackage>
</allClasses>