<?xml version="1.0" encoding="UTF-8"?>
<allClasses>
   <apiPackage id="com.keymob">
      <apiName>com.keymob</apiName>
      <apiClassifier id="com.keymob:AdSizes">
         <apiName>AdSizes</apiName>
         <shortdesc/>
         <apiClassifierDetail>
            <apiClassifierDef>
               <apiAccess value="public"/>
               <apiStatic/>
               <apiBaseClassifier>Object</apiBaseClassifier>
            </apiClassifierDef>
         </apiClassifierDetail>
      </apiClassifier>
      <apiClassifier id="com.keymob:AdTypes">
         <apiName>AdTypes</apiName>
         <shortdesc/>
         <apiClassifierDetail>
            <apiClassifierDef>
               <apiAccess value="public"/>
               <apiStatic/>
               <apiBaseClassifier>Object</apiBaseClassifier>
            </apiClassifierDef>
         </apiClassifierDetail>
      </apiClassifier>
      <apiClassifier id="com.keymob:KeymobAd">
         <apiName>KeymobAd</apiName>
         <shortdesc/>
         <apiClassifierDetail>
            <apiClassifierDef>
               <apiAccess value="public"/>
               <apiStatic/>
               <apiBaseClassifier>flash.events:EventDispatcher</apiBaseClassifier>
            </apiClassifierDef>
         </apiClassifierDetail>
         <adobeApiEvent id="com.keymob:KeymobAd_com.keymob.AdEvent_onOtherEvent">
            <apiName>onOtherEvent</apiName>
            <shortdesc/>
            <prolog/>
            <adobeApiEventDetail>
               <adobeApiEventDef>
                  <adobeApiEventClassifier>com.keymob.AdEvent</adobeApiEventClassifier>
                  <apiGeneratedEvent/>
               </adobeApiEventDef>
               <apiDesc/>
            </adobeApiEventDetail>
         </adobeApiEvent>
         <adobeApiEvent id="com.keymob:KeymobAd_com.keymob.AdEvent_onAdClicked">
            <apiName>onAdClicked</apiName>
            <shortdesc/>
            <prolog/>
            <adobeApiEventDetail>
               <adobeApiEventDef>
                  <adobeApiEventClassifier>com.keymob.AdEvent</adobeApiEventClassifier>
                  <apiGeneratedEvent/>
               </adobeApiEventDef>
               <apiDesc/>
            </adobeApiEventDetail>
         </adobeApiEvent>
         <adobeApiEvent id="com.keymob:KeymobAd_com.keymob.AdEvent_onAdClosed">
            <apiName>onAdClosed</apiName>
            <shortdesc/>
            <prolog/>
            <adobeApiEventDetail>
               <adobeApiEventDef>
                  <adobeApiEventClassifier>com.keymob.AdEvent</adobeApiEventClassifier>
                  <apiGeneratedEvent/>
               </adobeApiEventDef>
               <apiDesc/>
            </adobeApiEventDetail>
         </adobeApiEvent>
         <adobeApiEvent id="com.keymob:KeymobAd_com.keymob.AdEvent_onAdOpened">
            <apiName>onAdOpened</apiName>
            <shortdesc/>
            <prolog/>
            <adobeApiEventDetail>
               <adobeApiEventDef>
                  <adobeApiEventClassifier>com.keymob.AdEvent</adobeApiEventClassifier>
                  <apiGeneratedEvent/>
               </adobeApiEventDef>
               <apiDesc/>
            </adobeApiEventDetail>
         </adobeApiEvent>
         <adobeApiEvent id="com.keymob:KeymobAd_com.keymob.AdEvent_onLoadedFail">
            <apiName>onLoadedFail</apiName>
            <shortdesc/>
            <prolog/>
            <adobeApiEventDetail>
               <adobeApiEventDef>
                  <adobeApiEventClassifier>com.keymob.AdEvent</adobeApiEventClassifier>
                  <apiGeneratedEvent/>
               </adobeApiEventDef>
               <apiDesc/>
            </adobeApiEventDetail>
         </adobeApiEvent>
         <adobeApiEvent id="com.keymob:KeymobAd_com.keymob.AdEvent_onLoadedSuccess">
            <apiName>onLoadedSuccess</apiName>
            <shortdesc/>
            <prolog/>
            <adobeApiEventDetail>
               <adobeApiEventDef>
                  <adobeApiEventClassifier>com.keymob.AdEvent</adobeApiEventClassifier>
                  <apiGeneratedEvent/>
               </adobeApiEventDef>
               <apiDesc/>
            </adobeApiEventDetail>
         </adobeApiEvent>
      </apiClassifier>
      <apiClassifier id="com.keymob:AdPositions">
         <apiName>AdPositions</apiName>
         <shortdesc/>
         <apiClassifierDetail>
            <apiClassifierDef>
               <apiAccess value="public"/>
               <apiStatic/>
               <apiBaseClassifier>Object</apiBaseClassifier>
            </apiClassifierDef>
         </apiClassifierDetail>
      </apiClassifier>
      <apiClassifier id="com.keymob:AdEvent">
         <apiName>AdEvent</apiName>
         <shortdesc/>
         <apiClassifierDetail>
            <apiClassifierDef>
               <apiAccess value="public"/>
               <apiStatic/>
               <apiBaseClassifier>flash.events:Event</apiBaseClassifier>
            </apiClassifierDef>
         </apiClassifierDetail>
      </apiClassifier>
   </apiPackage>
</allClasses>