<?xml version="1.0" encoding="UTF-8"?><allClasses><apiPackage id="com.keymob"><apiName>com.keymob</apiName><apiClassifier id="com.keymob:AdSizes"><apiName>AdSizes</apiName><shortdesc/><prolog><asMetadata/></prolog><apiClassifierDetail><apiClassifierDef><apiAccess value="public"/><apiStatic/><apiBaseClassifier>Object</apiBaseClassifier></apiClassifierDef></apiClassifierDetail><apiValue id="com.keymob:AdSizes:BANNER"><apiName>BANNER</apiName><shortdesc>  3200 </shortdesc><prolog/><apiValueDetail><apiValueDef><apiAccess value="public"/><apiStatic/><apiData>0</apiData><apiType value="int"/></apiValueDef><apiDesc>  3200 </apiDesc></apiValueDetail></apiValue><apiValue id="com.keymob:AdSizes:FULL_BANNER"><apiName>FULL_BANNER</apiName><shortdesc>  4680 </shortdesc><prolog/><apiValueDetail><apiValueDef><apiAccess value="public"/><apiStatic/><apiData>1</apiData><apiType value="int"/></apiValueDef><apiDesc>  4680 </apiDesc></apiValueDetail></apiValue><apiValue id="com.keymob:AdSizes:LARGE_BANNER"><apiName>LARGE_BANNER</apiName><shortdesc>  32000 </shortdesc><prolog/><apiValueDetail><apiValueDef><apiAccess value="public"/><apiStatic/><apiData>2</apiData><apiType value="int"/></apiValueDef><apiDesc>  32000 </apiDesc></apiValueDetail></apiValue><apiValue id="com.keymob:AdSizes:LEADERBOARD"><apiName>LEADERBOARD</apiName><shortdesc>  7280 </shortdesc><prolog/><apiValueDetail><apiValueDef><apiAccess value="public"/><apiStatic/><apiData>3</apiData><apiType value="int"/></apiValueDef><apiDesc>  7280 </apiDesc></apiValueDetail></apiValue><apiValue id="com.keymob:AdSizes:MEDIUM_RECTANGLE"><apiName>MEDIUM_RECTANGLE</apiName><shortdesc>  30050 </shortdesc><prolog/><apiValueDetail><apiValueDef><apiAccess value="public"/><apiStatic/><apiData>4</apiData><apiType value="int"/></apiValueDef><apiDesc>  30050 </apiDesc></apiValueDetail></apiValue><apiValue id="com.keymob:AdSizes:SMART_BANNER"><apiName>SMART_BANNER</apiName><shortdesc>  -12 </shortdesc><prolog/><apiValueDetail><apiValueDef><apiAccess value="public"/><apiStatic/><apiData>6</apiData><apiType value="int"/></apiValueDef><apiDesc>  -12 </apiDesc></apiValueDetail></apiValue><apiValue id="com.keymob:AdSizes:WIDE_SKYSCRAPER"><apiName>WIDE_SKYSCRAPER</apiName><shortdesc>  16000 </shortdesc><prolog/><apiValueDetail><apiValueDef><apiAccess value="public"/><apiStatic/><apiData>5</apiData><apiType value="int"/></apiValueDef><apiDesc>  16000 </apiDesc></apiValueDetail></apiValue></apiClassifier><apiClassifier id="com.keymob:AdTypes"><apiName>AdTypes</apiName><shortdesc/><prolog><asMetadata/></prolog><apiClassifierDetail><apiClassifierDef><apiAccess value="public"/><apiStatic/><apiBaseClassifier>Object</apiBaseClassifier></apiClassifierDef></apiClassifierDetail><apiValue id="com.keymob:AdTypes:APPWALL"><apiName>APPWALL</apiName><shortdesc/><prolog/><apiValueDetail><apiValueDef><apiAccess value="public"/><apiStatic/><apiData>2</apiData><apiType value="int"/></apiValueDef></apiValueDetail></apiValue><apiValue id="com.keymob:AdTypes:BANNER"><apiName>BANNER</apiName><shortdesc/><prolog/><apiValueDetail><apiValueDef><apiAccess value="public"/><apiStatic/><apiData>0</apiData><apiType value="int"/></apiValueDef></apiValueDetail></apiValue><apiValue id="com.keymob:AdTypes:INTERSTITIAL"><apiName>INTERSTITIAL</apiName><shortdesc/><prolog/><apiValueDetail><apiValueDef><apiAccess value="public"/><apiStatic/><apiData>1</apiData><apiType value="int"/></apiValueDef></apiValueDetail></apiValue><apiValue id="com.keymob:AdTypes:VIDEO"><apiName>VIDEO</apiName><shortdesc/><prolog/><apiValueDetail><apiValueDef><apiAccess value="public"/><apiStatic/><apiData>3</apiData><apiType value="int"/></apiValueDef></apiValueDetail></apiValue></apiClassifier><apiClassifier id="com.keymob:KeymobAd"><apiName>KeymobAd</apiName><shortdesc/><prolog><asMetadata/></prolog><apiClassifierDetail><apiClassifierDef><apiAccess value="public"/><apiStatic/><apiBaseClassifier>flash.events:EventDispatcher</apiBaseClassifier></apiClassifierDef></apiClassifierDetail><apiValue id="com.keymob:KeymobAd:protected:extensionContext"><apiName>extensionContext</apiName><shortdesc/><prolog/><apiValueDetail><apiValueDef><apiProperty/><apiAccess value="protected"/><apiDynamic/><apiData>null</apiData><apiType value="flash.external:ExtensionContext"/></apiValueDef></apiValueDetail></apiValue><apiValue id="com.keymob:KeymobAd:supportDevice:get"><apiName>supportDevice</apiName><shortdesc/><prolog/><apiValueDetail><apiValueDef><apiProperty/><apiAccess value="public"/><apiDynamic/><apiValueAccess value="read"/><apiType value="Boolean"/></apiValueDef></apiValueDetail></apiValue></apiClassifier><apiClassifier id="com.keymob:AdPositions"><apiName>AdPositions</apiName><shortdesc/><prolog><asMetadata/></prolog><apiClassifierDetail><apiClassifierDef><apiAccess value="public"/><apiStatic/><apiBaseClassifier>Object</apiBaseClassifier></apiClassifierDef></apiClassifierDetail><apiValue id="com.keymob:AdPositions:ABSOLUTE"><apiName>ABSOLUTE</apiName><shortdesc> 0 </shortdesc><prolog/><apiValueDetail><apiValueDef><apiAccess value="public"/><apiStatic/><apiData>0</apiData><apiType value="int"/></apiValueDef><apiDesc> 0 </apiDesc></apiValueDetail></apiValue><apiValue id="com.keymob:AdPositions:BOTTOM_CENTER"><apiName>BOTTOM_CENTER</apiName><shortdesc> 8 </shortdesc><prolog/><apiValueDetail><apiValueDef><apiAccess value="public"/><apiStatic/><apiData>8</apiData><apiType value="int"/></apiValueDef><apiDesc> 8 </apiDesc></apiValueDetail></apiValue><apiValue id="com.keymob:AdPositions:BOTTOM_LEFT"><apiName>BOTTOM_LEFT</apiName><shortdesc> 7 </shortdesc><prolog/><apiValueDetail><apiValueDef><apiAccess value="public"/><apiStatic/><apiData>7</apiData><apiType value="int"/></apiValueDef><apiDesc> 7 </apiDesc></apiValueDetail></apiValue><apiValue id="com.keymob:AdPositions:BOTTOM_RIGHT"><apiName>BOTTOM_RIGHT</apiName><shortdesc> 9 </shortdesc><prolog/><apiValueDetail><apiValueDef><apiAccess value="public"/><apiStatic/><apiData>9</apiData><apiType value="int"/></apiValueDef><apiDesc> 9 </apiDesc></apiValueDetail></apiValue><apiValue id="com.keymob:AdPositions:MIDDLE_CENTER"><apiName>MIDDLE_CENTER</apiName><shortdesc> 5 </shortdesc><prolog/><apiValueDetail><apiValueDef><apiAccess value="public"/><apiStatic/><apiData>5</apiData><apiType value="int"/></apiValueDef><apiDesc> 5 </apiDesc></apiValueDetail></apiValue><apiValue id="com.keymob:AdPositions:MIDDLE_LEFT"><apiName>MIDDLE_LEFT</apiName><shortdesc> 4 </shortdesc><prolog/><apiValueDetail><apiValueDef><apiAccess value="public"/><apiStatic/><apiData>4</apiData><apiType value="int"/></apiValueDef><apiDesc> 4 </apiDesc></apiValueDetail></apiValue><apiValue id="com.keymob:AdPositions:MIDDLE_RIGHT"><apiName>MIDDLE_RIGHT</apiName><shortdesc> 6 </shortdesc><prolog/><apiValueDetail><apiValueDef><apiAccess value="public"/><apiStatic/><apiData>6</apiData><apiType value="int"/></apiValueDef><apiDesc> 6 </apiDesc></apiValueDetail></apiValue><apiValue id="com.keymob:AdPositions:TOP_CENTER"><apiName>TOP_CENTER</apiName><shortdesc> 2 </shortdesc><prolog/><apiValueDetail><apiValueDef><apiAccess value="public"/><apiStatic/><apiData>2</apiData><apiType value="int"/></apiValueDef><apiDesc> 2 </apiDesc></apiValueDetail></apiValue><apiValue id="com.keymob:AdPositions:TOP_LEFT"><apiName>TOP_LEFT</apiName><shortdesc> 1 </shortdesc><prolog/><apiValueDetail><apiValueDef><apiAccess value="public"/><apiStatic/><apiData>1</apiData><apiType value="int"/></apiValueDef><apiDesc> 1 </apiDesc></apiValueDetail></apiValue><apiValue id="com.keymob:AdPositions:TOP_RIGHT"><apiName>TOP_RIGHT</apiName><shortdesc> 3 </shortdesc><prolog/><apiValueDetail><apiValueDef><apiAccess value="public"/><apiStatic/><apiData>3</apiData><apiType value="int"/></apiValueDef><apiDesc> 3 </apiDesc></apiValueDetail></apiValue></apiClassifier><apiClassifier id="com.keymob:AdEvent"><apiName>AdEvent</apiName><shortdesc/><prolog><asMetadata/></prolog><apiClassifierDetail><apiClassifierDef><apiAccess value="public"/><apiStatic/><apiBaseClassifier>flash.events:Event</apiBaseClassifier></apiClassifierDef></apiClassifierDetail><apiValue id="com.keymob:AdEvent:ON_AD_CLICKED"><apiName>ON_AD_CLICKED</apiName><shortdesc/><prolog/><apiValueDetail><apiValueDef><apiAccess value="public"/><apiStatic/><apiData>onAdClicked</apiData><apiType value="String"/></apiValueDef></apiValueDetail></apiValue><apiValue id="com.keymob:AdEvent:ON_AD_CLOSED"><apiName>ON_AD_CLOSED</apiName><shortdesc/><prolog/><apiValueDetail><apiValueDef><apiAccess value="public"/><apiStatic/><apiData>onAdClosed</apiData><apiType value="String"/></apiValueDef></apiValueDetail></apiValue><apiValue id="com.keymob:AdEvent:ON_AD_OPENED"><apiName>ON_AD_OPENED</apiName><shortdesc/><prolog/><apiValueDetail><apiValueDef><apiAccess value="public"/><apiStatic/><apiData>onAdOpened</apiData><apiType value="String"/></apiValueDef></apiValueDetail></apiValue><apiValue id="com.keymob:AdEvent:ON_LOADED_FAIL"><apiName>ON_LOADED_FAIL</apiName><shortdesc/><prolog/><apiValueDetail><apiValueDef><apiAccess value="public"/><apiStatic/><apiData>onLoadedFail</apiData><apiType value="String"/></apiValueDef></apiValueDetail></apiValue><apiValue id="com.keymob:AdEvent:ON_LOADED_SUCCESS"><apiName>ON_LOADED_SUCCESS</apiName><shortdesc/><prolog/><apiValueDetail><apiValueDef><apiAccess value="public"/><apiStatic/><apiData>onLoadedSuccess</apiData><apiType value="String"/></apiValueDef></apiValueDetail></apiValue><apiValue id="com.keymob:AdEvent:ON_OTHER_EVENT"><apiName>ON_OTHER_EVENT</apiName><shortdesc/><prolog/><apiValueDetail><apiValueDef><apiAccess value="public"/><apiStatic/><apiData>onOtherEvent</apiData><apiType value="String"/></apiValueDef></apiValueDetail></apiValue><apiValue id="com.keymob:AdEvent:adapter"><apiName>adapter</apiName><shortdesc/><prolog/><apiValueDetail><apiValueDef><apiProperty/><apiAccess value="public"/><apiDynamic/><apiType value="String"/></apiValueDef></apiValueDetail></apiValue><apiValue id="com.keymob:AdEvent:adtype"><apiName>adtype</apiName><shortdesc/><prolog/><apiValueDetail><apiValueDef><apiProperty/><apiAccess value="public"/><apiDynamic/><apiType value="int"/></apiValueDef></apiValueDetail></apiValue><apiValue id="com.keymob:AdEvent:data"><apiName>data</apiName><shortdesc/><prolog/><apiValueDetail><apiValueDef><apiProperty/><apiAccess value="public"/><apiDynamic/><apiType value=""/></apiValueDef></apiValueDetail></apiValue></apiClassifier></apiPackage></allClasses>