<?xml version="1.0" encoding="UTF-8"?><allClasses><apiPackage id="com.keymob"><apiName>com.keymob</apiName><apiClassifier id="com.keymob:AdSizes"><apiName>AdSizes</apiName><apiClassifierDetail><apiClassifierDef><apiAccess value="public"/><apiStatic/><apiBaseClassifier>Object</apiBaseClassifier></apiClassifierDef></apiClassifierDetail></apiClassifier><apiClassifier id="com.keymob:AdTypes"><apiName>AdTypes</apiName><apiClassifierDetail><apiClassifierDef><apiAccess value="public"/><apiStatic/><apiBaseClassifier>Object</apiBaseClassifier></apiClassifierDef></apiClassifierDetail></apiClassifier><apiClassifier id="com.keymob:KeymobAd"><apiName>KeymobAd</apiName><apiClassifierDetail><apiClassifierDef><apiAccess value="public"/><apiStatic/><apiBaseClassifier>flash.events:EventDispatcher</apiBaseClassifier></apiClassifierDef></apiClassifierDetail><apiOperation id="com.keymob:KeymobAd:getInstance"><apiName>getInstance</apiName><shortdesc/><prolog/><apiOperationDetail><apiOperationDef><apiAccess value="public"/><apiStatic/><apiReturn><apiOperationClassifier>com.keymob:KeymobAd</apiOperationClassifier></apiReturn></apiOperationDef></apiOperationDetail></apiOperation><apiOperation id="com.keymob:KeymobAd:initFromJSON"><apiName>initFromJSON</apiName><shortdesc/><prolog/><apiOperationDetail><apiOperationDef><apiAccess value="public"/><apiReturn><apiType value="void"/></apiReturn><apiParam><apiItemName>json</apiItemName><apiType value="String"/></apiParam></apiOperationDef></apiOperationDetail></apiOperation><apiOperation id="com.keymob:KeymobAd:initFromKeymobService"><apiName>initFromKeymobService</apiName><shortdesc/><prolog/><apiOperationDetail><apiOperationDef><apiAccess value="public"/><apiReturn><apiType value="void"/></apiReturn><apiParam><apiItemName>appID</apiItemName><apiType value="String"/></apiParam><apiParam><apiItemName>isTesting</apiItemName><apiType value="Boolean"/><apiData>false</apiData></apiParam><apiParam><apiItemName>server</apiItemName><apiType value="String"/><apiData/></apiParam></apiOperationDef></apiOperationDetail></apiOperation><apiOperation id="com.keymob:KeymobAd:isAppWallReady"><apiName>isAppWallReady</apiName><shortdesc/><prolog/><apiOperationDetail><apiOperationDef><apiAccess value="public"/><apiReturn><apiType value="Boolean"/></apiReturn></apiOperationDef></apiOperationDetail></apiOperation><apiOperation id="com.keymob:KeymobAd:isInterstitialReady"><apiName>isInterstitialReady</apiName><shortdesc/><prolog/><apiOperationDetail><apiOperationDef><apiAccess value="public"/><apiReturn><apiType value="Boolean"/></apiReturn></apiOperationDef></apiOperationDetail></apiOperation><apiOperation id="com.keymob:KeymobAd:isVideoReady"><apiName>isVideoReady</apiName><shortdesc/><prolog/><apiOperationDetail><apiOperationDef><apiAccess value="public"/><apiReturn><apiType value="Boolean"/></apiReturn></apiOperationDef></apiOperationDetail></apiOperation><apiOperation id="com.keymob:KeymobAd:loadAppWall"><apiName>loadAppWall</apiName><shortdesc/><prolog/><apiOperationDetail><apiOperationDef><apiAccess value="public"/><apiReturn><apiType value="void"/></apiReturn></apiOperationDef></apiOperationDetail></apiOperation><apiOperation id="com.keymob:KeymobAd:loadInterstitial"><apiName>loadInterstitial</apiName><shortdesc/><prolog/><apiOperationDetail><apiOperationDef><apiAccess value="public"/><apiReturn><apiType value="void"/></apiReturn></apiOperationDef></apiOperationDetail></apiOperation><apiOperation id="com.keymob:KeymobAd:loadVideo"><apiName>loadVideo</apiName><shortdesc/><prolog/><apiOperationDetail><apiOperationDef><apiAccess value="public"/><apiReturn><apiType value="void"/></apiReturn></apiOperationDef></apiOperationDetail></apiOperation><apiOperation id="com.keymob:KeymobAd:protected:onKeymobNativeEvent"><apiName>onKeymobNativeEvent</apiName><shortdesc/><prolog/><apiOperationDetail><apiOperationDef><apiAccess value="protected"/><apiReturn><apiType value="void"/></apiReturn><apiParam><apiItemName>event</apiItemName><apiType value="flash.events:StatusEvent"/></apiParam></apiOperationDef></apiOperationDetail></apiOperation><apiOperation id="com.keymob:KeymobAd:removeBanner"><apiName>removeBanner</apiName><shortdesc/><prolog/><apiOperationDetail><apiOperationDef><apiAccess value="public"/><apiReturn><apiType value="void"/></apiReturn></apiOperationDef></apiOperationDetail></apiOperation><apiOperation id="com.keymob:KeymobAd:showAppWall"><apiName>showAppWall</apiName><shortdesc/><prolog/><apiOperationDetail><apiOperationDef><apiAccess value="public"/><apiReturn><apiType value="void"/></apiReturn></apiOperationDef></apiOperationDetail></apiOperation><apiOperation id="com.keymob:KeymobAd:showBannerABS"><apiName>showBannerABS</apiName><shortdesc/><prolog/><apiOperationDetail><apiOperationDef><apiAccess value="public"/><apiReturn><apiType value="void"/></apiReturn><apiParam><apiItemName>sizeType</apiItemName><apiType value="int"/></apiParam><apiParam><apiItemName>x</apiItemName><apiType value="int"/></apiParam><apiParam><apiItemName>y</apiItemName><apiType value="int"/></apiParam></apiOperationDef></apiOperationDetail></apiOperation><apiOperation id="com.keymob:KeymobAd:showInterstitial"><apiName>showInterstitial</apiName><shortdesc/><prolog/><apiOperationDetail><apiOperationDef><apiAccess value="public"/><apiReturn><apiType value="void"/></apiReturn></apiOperationDef></apiOperationDetail></apiOperation><apiOperation id="com.keymob:KeymobAd:showRelationBanner"><apiName>showRelationBanner</apiName><shortdesc/><prolog/><apiOperationDetail><apiOperationDef><apiAccess value="public"/><apiReturn><apiType value="void"/></apiReturn><apiParam><apiItemName>sizeType</apiItemName><apiType value="int"/></apiParam><apiParam><apiItemName>position</apiItemName><apiType value="int"/></apiParam><apiParam><apiItemName>marginY</apiItemName><apiType value="int"/></apiParam></apiOperationDef></apiOperationDetail></apiOperation><apiOperation id="com.keymob:KeymobAd:showVideo"><apiName>showVideo</apiName><shortdesc/><prolog/><apiOperationDetail><apiOperationDef><apiAccess value="public"/><apiReturn><apiType value="void"/></apiReturn></apiOperationDef></apiOperationDetail></apiOperation><apiConstructor id="com.keymob:KeymobAd:KeymobAd"><apiName>KeymobAd</apiName><shortdesc/><prolog/><apiConstructorDetail><apiConstructorDef><apiAccess value="public"/><apiParam><apiItemName>target</apiItemName><apiType value="flash.events:IEventDispatcher"/><apiData>null</apiData></apiParam></apiConstructorDef></apiConstructorDetail></apiConstructor></apiClassifier><apiClassifier id="com.keymob:AdPositions"><apiName>AdPositions</apiName><apiClassifierDetail><apiClassifierDef><apiAccess value="public"/><apiStatic/><apiBaseClassifier>Object</apiBaseClassifier></apiClassifierDef></apiClassifierDetail></apiClassifier><apiClassifier id="com.keymob:AdEvent"><apiName>AdEvent</apiName><apiClassifierDetail><apiClassifierDef><apiAccess value="public"/><apiStatic/><apiBaseClassifier>flash.events:Event</apiBaseClassifier></apiClassifierDef></apiClassifierDetail><apiConstructor id="com.keymob:AdEvent:AdEvent"><apiName>AdEvent</apiName><shortdesc/><prolog/><apiConstructorDetail><apiConstructorDef><apiAccess value="public"/><apiParam><apiItemName>type</apiItemName><apiType value="String"/></apiParam><apiParam><apiItemName>data</apiItemName><apiType value="any"/></apiParam><apiParam><apiItemName>bubbles</apiItemName><apiType value="Boolean"/><apiData>false</apiData></apiParam><apiParam><apiItemName>cancelable</apiItemName><apiType value="Boolean"/><apiData>false</apiData></apiParam></apiConstructorDef></apiConstructorDetail></apiConstructor></apiClassifier></apiPackage></allClasses>