<?xml version="1.0" encoding="UTF-8"?>
<allClasses>
   <apiPackage id="com.keymob">
      <apiName>com.keymob</apiName>
      <apiClassifier id="com.keymob:AdSizes">
         <apiName>AdSizes</apiName>
         <apiClassifierDetail>
            <apiClassifierDef>
               <apiAccess value="public"/>
               <apiStatic/>
               <apiBaseClassifier>Object</apiBaseClassifier>
            </apiClassifierDef>
         </apiClassifierDetail>
         <prolog>
            <asMetadata/>
         </prolog>
      </apiClassifier>
      <apiClassifier id="com.keymob:AdTypes">
         <apiName>AdTypes</apiName>
         <apiClassifierDetail>
            <apiClassifierDef>
               <apiAccess value="public"/>
               <apiStatic/>
               <apiBaseClassifier>Object</apiBaseClassifier>
            </apiClassifierDef>
         </apiClassifierDetail>
         <prolog>
            <asMetadata/>
         </prolog>
      </apiClassifier>
      <apiClassifier id="com.keymob:KeymobAd">
         <apiName>KeymobAd</apiName>
         <apiClassifierDetail>
            <apiClassifierDef>
               <apiAccess value="public"/>
               <apiStatic/>
               <apiBaseClassifier>flash.events:EventDispatcher</apiBaseClassifier>
            </apiClassifierDef>
         </apiClassifierDetail>
         <prolog>
            <asMetadata/>
         </prolog>
      </apiClassifier>
      <apiClassifier id="com.keymob:AdPositions">
         <apiName>AdPositions</apiName>
         <apiClassifierDetail>
            <apiClassifierDef>
               <apiAccess value="public"/>
               <apiStatic/>
               <apiBaseClassifier>Object</apiBaseClassifier>
            </apiClassifierDef>
         </apiClassifierDetail>
         <prolog>
            <asMetadata/>
         </prolog>
      </apiClassifier>
      <apiClassifier id="com.keymob:AdEvent">
         <apiName>AdEvent</apiName>
         <apiClassifierDetail>
            <apiClassifierDef>
               <apiAccess value="public"/>
               <apiStatic/>
               <apiBaseClassifier>flash.events:Event</apiBaseClassifier>
            </apiClassifierDef>
         </apiClassifierDetail>
         <prolog>
            <asMetadata/>
         </prolog>
      </apiClassifier>
   </apiPackage>
</allClasses>