<asdoc>

<classRec name='AdTypes' fullname='com.keymob:AdTypes' sourcefile='F:\project_list\ad_platform\as\keymobas\src\com\keymob\AdTypes.as' namespace='com.keymob' access='public' baseclass='Object' isFinal='false' isDynamic='false' >
</classRec>
<field name='APPWALL' fullname='com.keymob:AdTypes/APPWALL' type='int' isStatic='true' isConst='true' defaultValue='2' >
</field>
<field name='BANNER' fullname='com.keymob:AdTypes/BANNER' type='int' isStatic='true' isConst='true' defaultValue='0' >
</field>
<field name='INTERSTITIAL' fullname='com.keymob:AdTypes/INTERSTITIAL' type='int' isStatic='true' isConst='true' defaultValue='1' >
</field>
<field name='VIDEO' fullname='com.keymob:AdTypes/VIDEO' type='int' isStatic='true' isConst='true' defaultValue='3' >
</field>
<classRec name='AdSizes' fullname='com.keymob:AdSizes' sourcefile='F:\project_list\ad_platform\as\keymobas\src\com\keymob\AdSizes.as' namespace='com.keymob' access='public' baseclass='Object' isFinal='false' isDynamic='false' >
</classRec>
<field name='BANNER' fullname='com.keymob:AdSizes/BANNER' type='int' isStatic='true' isConst='true' defaultValue='0' >
<description><![CDATA[  3200 ]]></description>
</field>
<field name='FULL_BANNER' fullname='com.keymob:AdSizes/FULL_BANNER' type='int' isStatic='true' isConst='true' defaultValue='1' >
<description><![CDATA[  4680 ]]></description>
</field>
<field name='LARGE_BANNER' fullname='com.keymob:AdSizes/LARGE_BANNER' type='int' isStatic='true' isConst='true' defaultValue='2' >
<description><![CDATA[  32000 ]]></description>
</field>
<field name='LEADERBOARD' fullname='com.keymob:AdSizes/LEADERBOARD' type='int' isStatic='true' isConst='true' defaultValue='3' >
<description><![CDATA[  7280 ]]></description>
</field>
<field name='MEDIUM_RECTANGLE' fullname='com.keymob:AdSizes/MEDIUM_RECTANGLE' type='int' isStatic='true' isConst='true' defaultValue='4' >
<description><![CDATA[  30050 ]]></description>
</field>
<field name='SMART_BANNER' fullname='com.keymob:AdSizes/SMART_BANNER' type='int' isStatic='true' isConst='true' defaultValue='6' >
<description><![CDATA[  -12 ]]></description>
</field>
<field name='WIDE_SKYSCRAPER' fullname='com.keymob:AdSizes/WIDE_SKYSCRAPER' type='int' isStatic='true' isConst='true' defaultValue='5' >
<description><![CDATA[  16000 ]]></description>
</field>
<classRec name='AdPositions' fullname='com.keymob:AdPositions' sourcefile='F:\project_list\ad_platform\as\keymobas\src\com\keymob\AdPositions.as' namespace='com.keymob' access='public' baseclass='Object' isFinal='false' isDynamic='false' >
</classRec>
<field name='ABSOLUTE' fullname='com.keymob:AdPositions/ABSOLUTE' type='int' isStatic='true' isConst='true' defaultValue='0' >
<description><![CDATA[ 0 ]]></description>
</field>
<field name='BOTTOM_CENTER' fullname='com.keymob:AdPositions/BOTTOM_CENTER' type='int' isStatic='true' isConst='true' defaultValue='8' >
<description><![CDATA[ 8 ]]></description>
</field>
<field name='BOTTOM_LEFT' fullname='com.keymob:AdPositions/BOTTOM_LEFT' type='int' isStatic='true' isConst='true' defaultValue='7' >
<description><![CDATA[ 7 ]]></description>
</field>
<field name='BOTTOM_RIGHT' fullname='com.keymob:AdPositions/BOTTOM_RIGHT' type='int' isStatic='true' isConst='true' defaultValue='9' >
<description><![CDATA[ 9 ]]></description>
</field>
<field name='MIDDLE_CENTER' fullname='com.keymob:AdPositions/MIDDLE_CENTER' type='int' isStatic='true' isConst='true' defaultValue='5' >
<description><![CDATA[ 5 ]]></description>
</field>
<field name='MIDDLE_LEFT' fullname='com.keymob:AdPositions/MIDDLE_LEFT' type='int' isStatic='true' isConst='true' defaultValue='4' >
<description><![CDATA[ 4 ]]></description>
</field>
<field name='MIDDLE_RIGHT' fullname='com.keymob:AdPositions/MIDDLE_RIGHT' type='int' isStatic='true' isConst='true' defaultValue='6' >
<description><![CDATA[ 6 ]]></description>
</field>
<field name='TOP_CENTER' fullname='com.keymob:AdPositions/TOP_CENTER' type='int' isStatic='true' isConst='true' defaultValue='2' >
<description><![CDATA[ 2 ]]></description>
</field>
<field name='TOP_LEFT' fullname='com.keymob:AdPositions/TOP_LEFT' type='int' isStatic='true' isConst='true' defaultValue='1' >
<description><![CDATA[ 1 ]]></description>
</field>
<field name='TOP_RIGHT' fullname='com.keymob:AdPositions/TOP_RIGHT' type='int' isStatic='true' isConst='true' defaultValue='3' >
<description><![CDATA[ 3 ]]></description>
</field>
<classRec name='AdEvent' fullname='com.keymob:AdEvent' sourcefile='F:\project_list\ad_platform\as\keymobas\src\com\keymob\AdEvent.as' namespace='com.keymob' access='public' baseclass='flash.events:Event' isFinal='false' isDynamic='false' >
</classRec>
<method name='AdEvent' fullname='com.keymob:AdEvent/AdEvent' isStatic='false' isFinal='false' isOverride='false'  param_names='type;data;bubbles;cancelable' param_types='String;*;Boolean;Boolean' param_defaults='undefined;undefined;false;false' result_type='*'>
</method>
<field name='ON_AD_CLICKED' fullname='com.keymob:AdEvent/ON_AD_CLICKED' type='String' isStatic='true' isConst='true' defaultValue='onAdClicked' >
</field>
<field name='ON_AD_CLOSED' fullname='com.keymob:AdEvent/ON_AD_CLOSED' type='String' isStatic='true' isConst='true' defaultValue='onAdClosed' >
</field>
<field name='ON_AD_OPENED' fullname='com.keymob:AdEvent/ON_AD_OPENED' type='String' isStatic='true' isConst='true' defaultValue='onAdOpened' >
</field>
<field name='ON_LOADED_FAIL' fullname='com.keymob:AdEvent/ON_LOADED_FAIL' type='String' isStatic='true' isConst='true' defaultValue='onLoadedFail' >
</field>
<field name='ON_LOADED_SUCCESS' fullname='com.keymob:AdEvent/ON_LOADED_SUCCESS' type='String' isStatic='true' isConst='true' defaultValue='onLoadedSuccess' >
</field>
<field name='ON_OTHER_EVENT' fullname='com.keymob:AdEvent/ON_OTHER_EVENT' type='String' isStatic='true' isConst='true' defaultValue='onOtherEvent' >
</field>
<field name='adapter' fullname='com.keymob:AdEvent/adapter' type='String' isStatic='false' isConst='false' >
</field>
<field name='adtype' fullname='com.keymob:AdEvent/adtype' type='int' isStatic='false' isConst='false' >
</field>
<field name='data' fullname='com.keymob:AdEvent/data' type='' isStatic='false' isConst='false' >
</field>
<classRec name='KeymobAd' fullname='com.keymob:KeymobAd' sourcefile='F:\project_list\ad_platform\as\keymobas\src\com\keymob\KeymobAd.as' namespace='com.keymob' access='public' baseclass='flash.events:EventDispatcher' isFinal='false' isDynamic='false' >
<metadata>
	<Event owner='com.keymob:KeymobAd' name='onOtherEvent' type='com.keymob.AdEvent' >
	</Event>
</metadata>
<metadata>
	<Event owner='com.keymob:KeymobAd' name='onAdClicked' type='com.keymob.AdEvent' >
	</Event>
</metadata>
<metadata>
	<Event owner='com.keymob:KeymobAd' name='onAdClosed' type='com.keymob.AdEvent' >
	</Event>
</metadata>
<metadata>
	<Event owner='com.keymob:KeymobAd' name='onAdOpened' type='com.keymob.AdEvent' >
	</Event>
</metadata>
<metadata>
	<Event owner='com.keymob:KeymobAd' name='onLoadedFail' type='com.keymob.AdEvent' >
	</Event>
</metadata>
<metadata>
	<Event owner='com.keymob:KeymobAd' name='onLoadedSuccess' type='com.keymob.AdEvent' >
	</Event>
</metadata>
</classRec>
<method name='KeymobAd' fullname='com.keymob:KeymobAd/KeymobAd' isStatic='false' isFinal='false' isOverride='false'  param_names='target' param_types='flash.events:IEventDispatcher' param_defaults='null' result_type='*'>
</method>
<method name='getInstance' fullname='com.keymob:KeymobAd/getInstance' isStatic='true' isFinal='false' isOverride='false'  result_type='com.keymob:KeymobAd'>
</method>
<method name='initFromJSON' fullname='com.keymob:KeymobAd/initFromJSON' isStatic='false' isFinal='false' isOverride='false'  param_names='json' param_types='String' param_defaults='undefined' result_type='void'>
</method>
<method name='initFromKeymobService' fullname='com.keymob:KeymobAd/initFromKeymobService' isStatic='false' isFinal='false' isOverride='false'  param_names='appID;isTesting;server' param_types='String;Boolean;String' param_defaults='undefined;false;' result_type='void'>
</method>
<method name='isAppWallReady' fullname='com.keymob:KeymobAd/isAppWallReady' isStatic='false' isFinal='false' isOverride='false'  result_type='Boolean'>
</method>
<method name='isInterstitialReady' fullname='com.keymob:KeymobAd/isInterstitialReady' isStatic='false' isFinal='false' isOverride='false'  result_type='Boolean'>
</method>
<method name='isVideoReady' fullname='com.keymob:KeymobAd/isVideoReady' isStatic='false' isFinal='false' isOverride='false'  result_type='Boolean'>
</method>
<method name='loadAppWall' fullname='com.keymob:KeymobAd/loadAppWall' isStatic='false' isFinal='false' isOverride='false'  result_type='void'>
</method>
<method name='loadInterstitial' fullname='com.keymob:KeymobAd/loadInterstitial' isStatic='false' isFinal='false' isOverride='false'  result_type='void'>
</method>
<method name='loadVideo' fullname='com.keymob:KeymobAd/loadVideo' isStatic='false' isFinal='false' isOverride='false'  result_type='void'>
</method>
<method name='onKeymobNativeEvent' fullname='com.keymob:KeymobAd/protected:onKeymobNativeEvent' isStatic='false' isFinal='false' isOverride='false'  param_names='event' param_types='flash.events:StatusEvent' param_defaults='undefined' result_type='void'>
</method>
<method name='removeBanner' fullname='com.keymob:KeymobAd/removeBanner' isStatic='false' isFinal='false' isOverride='false'  result_type='void'>
</method>
<method name='showAppWall' fullname='com.keymob:KeymobAd/showAppWall' isStatic='false' isFinal='false' isOverride='false'  result_type='void'>
</method>
<method name='showBannerABS' fullname='com.keymob:KeymobAd/showBannerABS' isStatic='false' isFinal='false' isOverride='false'  param_names='sizeType;x;y' param_types='int;int;int' param_defaults='undefined;undefined;undefined' result_type='void'>
</method>
<method name='showInterstitial' fullname='com.keymob:KeymobAd/showInterstitial' isStatic='false' isFinal='false' isOverride='false'  result_type='void'>
</method>
<method name='showRelationBanner' fullname='com.keymob:KeymobAd/showRelationBanner' isStatic='false' isFinal='false' isOverride='false'  param_names='sizeType;position;marginY' param_types='int;int;int' param_defaults='undefined;undefined;undefined' result_type='void'>
</method>
<method name='showVideo' fullname='com.keymob:KeymobAd/showVideo' isStatic='false' isFinal='false' isOverride='false'  result_type='void'>
</method>
<method name='supportDevice' fullname='com.keymob:KeymobAd/supportDevice/get' isStatic='false' isFinal='false' isOverride='false'  result_type='Boolean'>
</method>
<field name='_instance' fullname='com.keymob:KeymobAd/private:_instance' type='com.keymob:KeymobAd' isStatic='true' isConst='false' >
</field>
<field name='extensionContext' fullname='com.keymob:KeymobAd/protected:extensionContext' type='flash.external:ExtensionContext' isStatic='false' isConst='false' defaultValue='null' >
</field>
</asdoc>
